{
  "loss": [
    6.43821907043457,
    5.650676727294922,
    4.62633752822876,
    3.91001558303833,
    3.3660669326782227,
    2.8968069553375244,
    2.495500326156616,
    2.2043092250823975,
    1.9879482984542847,
    1.828812837600708,
    1.715890645980835,
    1.6319743394851685,
    1.5607672929763794,
    1.539629578590393,
    1.5306146144866943,
    1.5025129318237305,
    1.4662455320358276,
    1.4029901027679443,
    1.3842824697494507,
    1.3863208293914795,
    1.3522021770477295,
    1.3872737884521484
  ],
  "masked_accuracy": [
    0.001922312076203525,
    0.06235361844301224,
    0.2211763709783554,
    0.2918379008769989,
    0.38430774211883545,
    0.440452516078949,
    0.478545218706131,
    0.5113791823387146,
    0.5273100733757019,
    0.536612331867218,
    0.5413186550140381,
    0.548212468624115,
    0.5550400018692017,
    0.5456494092941284,
    0.5440806150436401,
    0.5558575391769409,
    0.5567634701728821,
    0.5663750171661377,
    0.5617349147796631,
    0.5655574798583984,
    0.5725617408752441,
    0.5596800446510315
  ],
  "val_loss": [
    6.026405334472656,
    4.871004581451416,
    4.067181587219238,
    3.4722416400909424,
    2.9728596210479736,
    2.564697265625,
    2.2164466381073,
    1.99968683719635,
    1.8486627340316772,
    1.7437680959701538,
    1.666420340538025,
    1.5975168943405151,
    1.570995569229126,
    1.5803759098052979,
    1.5215835571289062,
    1.5582032203674316,
    1.4854488372802734,
    1.4559907913208008,
    1.4777147769927979,
    1.4362986087799072,
    1.4482396841049194,
    1.5260387659072876
  ],
  "val_masked_accuracy": [
    0.0005865102866664529,
    0.21739980578422546,
    0.2510263919830322,
    0.35366567969322205,
    0.4269794821739197,
    0.45219939947128296,
    0.5034213066101074,
    0.5131964683532715,
    0.5266861915588379,
    0.5343108773231506,
    0.5325513482093811,
    0.5411534905433655,
    0.5278592109680176,
    0.5272727012634277,
    0.5401759743690491,
    0.5206255912780762,
    0.53665691614151,
    0.5368524193763733,
    0.5343108773231506,
    0.5597262978553772,
    0.5489736199378967,
    0.5337243676185608
  ]
}