{
  "loss": [
    33.6368522644043,
    33.63456344604492
  ],
  "mae": [
    0.8321717381477356,
    0.8316956758499146
  ],
  "val_loss": [
    48.03756332397461,
    48.03544998168945
  ],
  "val_mae": [
    1.0328691005706787,
    1.0322749614715576
  ]
}